{
  "fighters": [
    {
      "fighterName": "Mr. Lightning Bolt",
      "id": 0,
      "stats": {
        "baseDamage": 5,
        "baseHP": 120,
        "baseHPdepleteMultiplier": 1,
        "baseDamageMultiplier": 1
      }
    },
    {
      "fighterName": "Californian wildfire",
      "id": 1,
      "stats": {
        "baseDamage": 10,
        "baseHP": 100,
        "baseHPdepleteMultiplier": 0.8,
        "baseDamageMultiplier": 1
      },
      "specialAttacks": [
        {
          "attackName": "Bloodlust",
          "attackDescription": "Uses his scissorblades to deal huge damage to the attacked enemy!",
          "attackType": 3, // Extra damage attack
          "currentCoolDown": 0,
          "attackCoolDown": 3,
          "Stat1": 2 // Attack Damage Multiplier
        },
        {
          "attackName": "Explosive Anti-Personel Shields",
          "attackDescription": "Enemies who attack while the shields are deployed get damaged!",
          "attackType": 2, //Shield Attack
          "currentCoolDown": 0,
          "attackCoolDown": 6,
          "currentPersistTime": 0,
          "PersistTime": 3,
          "Stat1": 40, //Attack Damage
          "Stat2": 0.1 //Defence Multiplier
        }
      ]
    },
    {
      "fighterName": "Desert wind",
      "id": 2,
      "stats": {
        "baseDamage": 5,
        "baseHP": 150,
        "baseHPdepleteMultiplier": 1,
        "baseDamageMultiplier": 1
      },
      "specialAttacks": [
        {
          "attackName": "Desert Rush",
          "attackDescription": "Rushes at the enemies at high speeds to damage all of them!",
          "attackType": 1, // Area Attack
          "currentCoolDown": 0,
          "attackCoolDown": 2,
          "Stat1": 20 //Attack Damage
        }
      ]
    },
    {
      "fighterName": "Wind of Southeast Asia",
      "id": 3,
      "stats": {
        "baseDamage": 5,
        "baseHP": 80,
        "baseHPdepleteMultiplier": 0.7,
        "baseDamageMultiplier": 1
      }
    },
    {
      "fighterName": "Typical Politician",
      "id": 4,
      "stats": {
        "baseDamage": 20,
        "baseHP": 200,
        "baseHPdepleteMultiplier": 0.6,
        "baseDamageMultiplier": 1.1
      },
      "specialAttacks": [
        {
          "attackName": "Political Opression",
          "attackDescription": "Release a bill that raises the price of hospital bills!",
          "attackType": 1, // Area Attack
          "currentCoolDown": 0,
          "attackCoolDown": 2,
          "Stat1": 20 //Attack Damage
        },
        {
          "attackName": "Nanomachines Son!",
          "attackDescription": "Become Invulnerable for 3 Turns",
          "attackType": 4, //FUCKING INVINCIBLE
          "currentCoolDown": 0,
          "attackCoolDown": 6,
          "currentPersistTime": 0,
          "PersistTime": 3,
          "Stat1": 0 //Defence Multiplier
        }
      ]
    },
    {
      "fighterName": "Cool Brazilian Wind",
      "id": 5,
      "stats": {
        "baseDamage": 15,
        "baseHP": 100,
        "baseHPdepleteMultiplier": 1,
        "baseDamageMultiplier": 1
      }
    }
  ]
}